Filename,speaker,gender,passage,trial,word,frequency,phoneme,duration,f0_midpoint,F1_midpoint,F2_midpoint,,,,health,high
STE-364_1_1,1,F,1,1,health,high,E,0.164471001,196.5758459,557.6110487,1427.850723,,,,peppy,low
STE-364_1_1,1,F,1,1,peppy,low,E,0.124464542,212.8291756,614.5382158,2110.390321,,,,sectary,low
STE-364_1_1,1,F,1,1,sectary,low,E,0.093348406,205.4748989,596.1488352,1971.732018,,,,cases,high
STE-364_1_1,1,F,1,1,cases,high,eI,0.124464542,195.2225943,558.1644095,2049.836681,,,,demarcations,low
STE-364_1_1,1,F,1,1,demarcations,low,eI,0.120840299,193.5376535,385.3811266,2369.897858,,,,unless,high
STE-364_1_1,1,F,1,1,unless,high,E,0.17704509,198.6136063,406.2828004,2106.313714,,,,collimated,low
STE-364_1_1,1,F,1,1,collimated,low,eI,0.144258962,94.23740182,439.8198812,2587.140268,,,,relegated,low
STE-364_1_1,1,F,1,1,relegated,low,E,0.258542036,176.3260699,436.7230903,1936.837467,,,,interface,high
STE-364_1_1,1,F,1,1,interface,high,eI,0.207957725,181.9880296,366.0277186,2374.02363,,,,claimed,high
STE-364_1_1,1,F,1,1,terracottas,low,E,0.095548144,201.1695873,546.3420026,1818.137277,,,,terracottas,low
STE-364_1_1,1,F,1,1,traded,high,eI,0.148005948,206.7211179,572.8507041,1893.688202,,,,traded,high
STE-364_1_1,1,F,1,1,alginate,low,{,0.385939561,202.2601987,423.4533102,953.4826536,,,,alginate,low
STE-364_1_1,1,F,1,1,crackpot,low,{,0.140511976,199.0304143,603.5275675,1750.625653,,,,crackpot,low
STE-364_1_1,1,F,1,1,as,high,{,0.153626427,183.1821371,501.1260273,1480.33152,,,,as,high
STE-364_1_1,1,F,1,1,example,high,{,0.104915609,184.299709,578.845893,1820.077435,,,,example,high
STE-364_1_1,1,F,1,1,embittering,low,E,0.103042116,195.4805881,348.6344197,2337.830314,,,,embittering,low
STE-364_1_1,1,F,1,1,effect,high,E,0.138638483,188.2671211,600.3180206,2181.769315,,,,effect,high
STE-364_1_1,1,F,1,1,tax,high,{,0.121777046,191.4488402,547.5977118,1908.243512,,,,tax,high
STE-364_1_2,1,F,1,2,health,high,E,0.049536181,197.8974719,567.7523641,1706.696853,,,,neighborhood,high
STE-364_1_2,1,F,1,2,sectary,low,E,0.086941053,195.3458909,545.6294681,1912.637396,,,,rattling,low
STE-364_1_2,1,F,1,2,cases,high,eI,0.124345924,119.9650246,474.0239757,2208.908426,,,,several,high
STE-364_1_2,1,F,1,2,demarcations,low,eI,0.08188634,198.3168178,368.176238,2168.629071,,,,lasses,low
STE-364_1_2,1,F,1,2,unless,high,E,0.170849278,216.7726107,429.7283998,2129.360339,,,,prefab,low
STE-364_1_2,1,F,1,2,collimated,low,eI,0.082897283,181.5293664,543.1178552,2413.88294,,,,stategy,high
STE-364_1_2,1,F,1,2,relegated,low,E,0.096039535,187.3126418,521.5183139,1820.635812,,,,chamfer,low
STE-364_1_2,1,F,1,2,interface,high,eI,0.206232265,94.18522973,333.8126236,2581.578571,,,,enmeshing,low
STE-364_1_2,1,F,1,2,terracottas,low,E,0.044481469,206.0511177,476.682827,1693.574027,,,,after,high
STE-364_1_2,1,F,1,2,traded,high,eI,0.121313097,206.019072,576.6595984,1933.135235,,,,checked,high
STE-364_1_2,1,F,1,2,alginate,low,{,0.079864456,100.4467116,561.3315755,1670.795819,,,,somitazation,low
STE-364_1_2,1,F,1,2,crackpot,low,{,0.076831628,200.8780733,557.0525289,1645.83081,,,,natural,high
STE-364_1_2,1,F,1,2,as,high,{,0.148608544,143.3465992,496.5302305,1381.078112,,,,antedating,low
STE-364_1_2,1,F,1,2,example,high,{,0.069527569,187.3004107,489.5746283,1533.212626,,,,prevented,high
STE-364_1_2,1,F,1,2,embittering,low,E,0.110966113,203.6643497,505.9985692,1933.275255,,,,scathingly,low
STE-364_1_2,1,F,1,2,effect,high,E,0.152298484,192.5441425,472.7953336,1967.336002,,,,states,high
STE-364_1_2,1,F,1,2,tax,high,{,0.071514071,193.8302207,525.1508603,2084.18845,,,,traipsed,low
STE-364_2_1,1,F,2,1,neighborhood,high,eI,0.109602339,192.2305499,542.2680957,2080.473867,,,,health,high
STE-364_2_1,1,F,2,1,rattling,low,{,0.078441901,194.6656323,575.8730352,1887.848155,,,,peppy,low
STE-364_2_1,1,F,2,1,several,high,E,0.088247138,197.3451855,561.7264209,1709.71638,,,,sectary,low
STE-364_2_1,1,F,2,1,lasses,low,{,0.137787252,110.2881468,424.4306345,2109.010636,,,,cases,high
STE-364_2_1,1,F,2,1,prefab,low,{,0.140936675,198.4224002,613.2881713,1962.863871,,,,demarcations,low
STE-364_2_1,1,F,2,1,stategy,high,{,0.144873454,202.2406571,605.751937,1891.217941,,,,unless,high
STE-364_2_1,1,F,2,1,chamfer,low,{,0.080739751,215.7036249,581.2258846,1508.525227,,,,collimated,low
STE-364_2_1,1,F,2,1,enmeshing,low,E,0.221604849,97.58994915,597.8847898,2131.927667,,,,relegated,low
STE-364_2_1,1,F,2,1,after,high,{,0.098777355,224.6684382,659.2427851,1821.432843,,,,interface,high
STE-364_2_1,1,F,2,1,checked,high,E,0.079660847,203.8913883,590.7683569,1846.591739,,,,claimed,high
STE-364_2_1,1,F,2,1,somitazation,low,eI,0.163563987,198.6077446,403.9558895,2362.842182,,,,terracottas,low
STE-364_2_1,1,F,2,1,natural,high,{,0.125313513,200.3063304,468.4155877,2453.928586,,,,traded,high
STE-364_2_1,1,F,2,1,antedating,low,eI,0.172729436,191.6548251,473.203236,2347.110944,,,,alginate,low
STE-364_2_1,1,F,2,1,prevented,high,E,0.09957344,204.5468608,603.4572937,2021.348127,,,,crackpot,low
STE-364_2_1,1,F,2,1,scathingly,low,eI,0.169342585,216.6081512,623.5447569,2177.052753,,,,as,high
STE-364_2_1,1,F,2,1,states,high,eI,0.143602512,188.1227082,433.8391862,2227.510164,,,,example,high
STE-364_2_1,1,F,2,1,traipsed,low,eI,0.113798217,195.8671154,611.9653845,1879.548774,,,,embittering,low
STE-364_2_2,1,F,2,2,neighborhood,high,eI,0.082697405,194.332849,558.9127863,2171.568293,,,,effect,high
STE-364_2_2,1,F,2,2,rattling,low,{,0.090215351,107.5278657,516.6858495,1746.732301,,,,tax,high
STE-364_2_2,1,F,2,2,several,high,E,0.090215351,100.6503895,520.6364781,1449.483186,,,,neighborhood,high
STE-364_2_2,1,F,2,2,lasses,low,{,0.123889484,193.1601238,454.2565333,2117.841874,,,,rattling,low
STE-364_2_2,1,F,2,2,prefab,low,{,0.112377629,--undefined--,609.516564,1888.787563,,,,several,high
STE-364_2_2,1,F,2,2,stategy,high,{,0.100622137,208.6252627,493.1202961,1838.433586,,,,lasses,low
STE-364_2_2,1,F,2,2,chamfer,low,{,0.078033494,200.6679388,562.7971741,1809.788854,,,,prefab,low
STE-364_2_2,1,F,2,2,enmeshing,low,E,0.098529142,193.4498189,471.9843022,2575.579026,,,,stategy,high
STE-364_2_2,1,F,2,2,after,high,{,0.067122031,214.2208807,597.9115776,1757.900984,,,,chamfer,low
STE-364_2_2,1,F,2,2,checked,high,E,0.070875203,192.4484237,557.7160726,1818.912286,,,,enmeshing,low
STE-364_2_2,1,F,2,2,somitazation,low,eI,0.171764181,202.3728445,401.2986661,2289.76432,,,,after,high
STE-364_2_2,1,F,2,2,natural,high,{,0.112464642,201.2739947,569.1908661,2351.691926,,,,checked,high
STE-364_2_2,1,F,2,2,antedating,low,eI,0.151316064,193.0117002,454.3852323,2345.072784,,,,somitazation,low
STE-364_2_2,1,F,2,2,prevented,high,E,0.119621483,207.5062552,586.5290873,2070.923585,,,,natural,high
STE-364_2_2,1,F,2,2,scathingly,low,eI,0.22922774,196.4751666,567.4139337,2143.270111,,,,antedating,low
STE-364_2_2,1,F,2,2,states,high,eI,0.14938437,192.1429644,471.990873,2307.657766,,,,prevented,high
STE-364_2_2,1,F,2,2,traipsed,low,eI,0.097872518,203.5857245,604.1670061,1675.673588,,,,scathingly,low
STE-365_1_1,2,F,1,1,health,high,E,0.050005259,243.8334568,899.2298398,1932.812964,,,,states,high
STE-365_1_1,2,F,1,1,peppy,low,E,0.096986833,245.3023426,926.7765653,1917.617104,,,,traipsed,low
STE-365_1_1,2,F,1,1,sectary,low,E,0.078545674,245.830865,724.9337862,1969.60669,,,,,
STE-365_1_1,2,F,1,1,cases,high,eI,0.141382214,--undefined--,320.6270754,2140.721421,,,,,
STE-365_1_1,2,F,1,1,demarcations,low,eI,0.140699208,224.4483158,408.9182082,2216.928166,,,,,
STE-365_1_1,2,F,1,1,unless,high,E,0.11018232,291.6656787,826.5175155,2009.547816,,,,,
STE-365_1_1,2,F,1,1,relegated,low,E,0.08069691,207.4402429,602.0725908,1840.423171,,,,,
STE-365_1_1,2,F,1,1,interface,high,eI,0.196188576,195.3755055,399.020881,2493.163545,,,,,
STE-365_1_1,2,F,1,1,claimed,high,eI,0.088456229,247.6644097,680.9635037,1955.186921,,,,,
STE-365_1_1,2,F,1,1,terracottas,low,E,0.091559956,252.7765311,546.0223814,1889.569947,,,,,
STE-365_1_1,2,F,1,1,traded,high,eI,0.138622312,216.1755717,580.5800855,2289.431499,,,,,
STE-365_1_1,2,F,1,1,alginate,low,{,0.086560539,244.4118093,756.6616749,2027.088643,,,,,
STE-365_1_1,2,F,1,1,crackpot,low,{,0.06711578,258.1155097,583.1004418,1918.42059,,,,,
STE-365_1_1,2,F,1,1,as,high,{,0.119177554,191.406242,530.6871248,1737.584511,,,,,
STE-365_1_1,2,F,1,1,example,high,{,0.123591537,187.0330001,739.9552106,2159.491304,,,,,
STE-365_1_1,2,F,1,1,embittering,low,E,0.036426979,225.9149792,477.9480652,2250.340215,,,,,
STE-365_1_1,2,F,1,1,effect,high,E,0.130096355,206.2080511,628.616111,2004.562164,,,,,
STE-365_1_1,2,F,1,1,tax,high,{,0.10277612,223.6959522,699.1672711,1953.530482,,,,,
STE-365_1_2,2,F,1,2,health,high,E,0.043598657,231.214977,889.9538255,1913.73015,,,,,
STE-365_1_2,2,F,1,2,peppy,low,E,0.079371913,262.3019906,1071.458556,1874.990033,,,,,
STE-365_1_2,2,F,1,2,sectary,low,E,0.082725656,244.4879031,781.6659355,1742.63338,,,,,
STE-365_1_2,2,F,1,2,cases,high,eI,0.153713212,--undefined--,378.5334345,2762.095682,,,,,
STE-365_1_2,2,F,1,2,demarcations,low,eI,0.135267627,219.1318689,425.4251808,2642.348856,,,,,
STE-365_1_2,2,F,1,2,unless,high,E,0.133031798,273.8788419,834.158509,1440.194711,,,,,
STE-365_1_2,2,F,1,2,collimated,low,eI,0.129678055,217.0834278,537.1855337,1140.190885,,,,,
STE-365_1_2,2,F,1,2,relegated,low,E,0.090551056,224.968123,685.1627066,1931.837426,,,,,
STE-365_1_2,2,F,1,2,interface,high,eI,0.168805055,188.1639439,384.7773102,2730.596382,,,,,
STE-365_1_2,2,F,1,2,claimed,high,eI,0.112909341,238.745154,606.4689364,1337.109778,,,,,
STE-365_1_2,2,F,1,2,terracottas,low,E,0.066180329,293.8505959,644.7290835,1977.88468,,,,,
STE-365_1_2,2,F,1,2,traded,high,eI,0.14292751,216.6554075,531.1152039,2200.649005,,,,,
STE-365_1_2,2,F,1,2,alginate,low,{,0.073790482,211.6677873,691.1670021,1778.230006,,,,,
STE-365_1_2,2,F,1,2,crackpot,low,{,0.077114378,229.940228,744.8193278,1937.055149,,,,,
STE-365_1_2,2,F,1,2,as,high,{,0.101046426,198.1505672,604.4419273,1858.760157,,,,,
STE-365_1_2,2,F,1,2,example,high,{,0.112334104,192.6067638,919.7211879,2149.665063,,,,,
STE-365_1_2,2,F,1,2,effect,high,E,0.172245626,198.5970269,653.198425,2000.859983,,,,,
STE-365_1_2,2,F,1,2,tax,high,{,0.112334104,272.6795871,737.6040702,2162.715742,,,,,
STE-365_2_1,2,F,2,1,neighborhood,high,eI,0.105738228,250.3999275,355.6815473,3021.091051,,,,,
STE-365_2_1,2,F,2,1,rattling,low,{,0.083569909,223.5288866,698.8415883,1744.639436,,,,,
STE-365_2_1,2,F,2,1,several,high,E,0.083979566,199.0547658,526.8009467,1896.868054,,,,,
STE-365_2_1,2,F,2,1,lasses,low,{,0.081521627,237.0210413,610.8968161,2177.169149,,,,,
STE-365_2_1,2,F,2,1,stategy,high,{,0.065545027,284.5591531,558.4209957,1936.607773,,,,,
STE-365_2_1,2,F,2,1,chamfer,low,{,0.079883002,247.3413249,385.0912843,2208.215375,,,,,
STE-365_2_1,2,F,2,1,enmeshing,low,E,0.092172694,216.3213602,558.3505751,2487.408418,,,,,
STE-365_2_1,2,F,2,1,after,high,{,0.065411831,266.5723498,921.2135793,1803.754277,,,,,
STE-365_2_1,2,F,2,1,checked,high,E,0.092992007,220.3904942,800.8163792,1957.094473,,,,,
STE-365_2_1,2,F,2,1,somitazation,low,eI,0.128632116,266.1241038,396.3024966,2564.36012,,,,,
STE-365_2_1,2,F,2,1,natural,high,{,0.153621157,208.5409743,416.180144,1081.79798,,,,,
STE-365_2_1,2,F,2,1,antedating,low,eI,0.141331464,240.0017209,460.9107636,2377.90147,,,,,
STE-365_2_1,2,F,2,1,prevented,high,E,0.100775479,230.7406535,716.0597061,2070.484208,,,,,
STE-365_2_1,2,F,2,1,states,high,eI,0.175742604,192.8166797,381.1893003,2084.806238,,,,,
STE-365_2_1,2,F,2,1,traipsed,low,eI,0.108149295,205.7352312,634.2981508,1744.326461,,,,,
STE-365_2_2,2,F,2,2,neighborhood,high,eI,0.068444849,256.8240003,503.0370107,2418.239947,,,,,
STE-365_2_2,2,F,2,2,rattling,low,{,0.066451608,229.3478225,797.6137266,1861.885244,,,,,
STE-365_2_2,2,F,2,2,several,high,E,0.097951396,213.6384429,675.7346185,1926.360164,,,,,
STE-365_2_2,2,F,2,2,lasses,low,{,0.098067486,175.4148261,422.0495347,2460.356524,,,,,
STE-365_2_2,2,F,2,2,stategy,high,{,0.109113549,270.576623,675.8459801,2123.549626,,,,,
STE-365_2_2,2,F,2,2,chamfer,low,{,0.07597536,249.2153852,326.5433806,2021.049576,,,,,
STE-365_2_2,2,F,2,2,enmeshing,low,E,0.133091588,218.6588601,543.3237539,2459.77076,,,,,
STE-365_2_2,2,F,2,2,after,high,{,0.062504551,286.2322853,651.34028,1946.605682,,,,,
STE-365_2_2,2,F,2,2,checked,high,E,0.095623027,248.7519074,960.8929258,2042.080012,,,,,
STE-365_2_2,2,F,2,2,somitazation,low,eI,0.11489833,255.9971313,474.0214252,2542.177161,,,,,
STE-365_2_2,2,F,2,2,natural,high,{,0.136806464,199.1310794,409.0105219,1227.47188,,,,,
STE-365_2_2,2,F,2,2,antedating,low,eI,0.121241657,253.1240217,468.3507175,2204.84812,,,,,
STE-365_2_2,2,F,2,2,prevented,high,E,0.093388844,232.063105,714.6200044,2239.852724,,,,,
STE-365_2_2,2,F,2,2,scathingly,low,eI,0.101580848,276.1687948,725.6184164,1910.829805,,,,,
STE-365_2_2,2,F,2,2,states,high,eI,0.189235289,216.4700077,416.1451076,2561.44762,,,,,
STE-365_2_2,2,F,2,2,traipsed,low,eI,0.066355231,215.4035515,662.5363663,1753.741302,,,,,
STE-366_1_1,3,F,1,1,health,high,E,0.176647007,247.8665926,928.9094387,1399.152023,,,,,
STE-366_1_1,3,F,1,1,sectary,low,E,0.116345762,247.5657615,826.2301989,2125.854472,,,,,
STE-366_1_1,3,F,1,1,cases,high,eI,0.172281224,--undefined--,438.0244288,2217.362472,,,,,
STE-366_1_1,3,F,1,1,demarcations,low,eI,0.187827613,232.3030562,481.2678437,2543.823737,,,,,
STE-366_1_1,3,F,1,1,unless,high,E,0.169291993,251.8135736,788.660778,1911.182543,,,,,
STE-366_1_1,3,F,1,1,collimated,low,eI,0.155699205,--undefined--,551.0591043,2685.539884,,,,,
STE-366_1_1,3,F,1,1,relegated,low,eI,0.151992081,--undefined--,488.7913314,2509.81747,,,,,
STE-366_1_1,3,F,1,1,interface,high,eI,0.194006153,91.01505867,516.6134458,2474.194058,,,,,
STE-366_1_1,3,F,1,1,claimed,high,eI,0.142106417,201.2681476,619.078589,2399.365678,,,,,
STE-366_1_1,3,F,1,1,terracottas,low,E,0.063021107,229.2349795,652.4790668,1753.909533,,,,,
STE-366_1_1,3,F,1,1,traded,high,eI,0.106270886,218.2544362,480.070234,2321.465306,,,,,
STE-366_1_1,3,F,1,1,alginate,low,{,0.096385222,212.2765741,800.3755991,1482.92337,,,,,
STE-366_1_1,3,F,1,1,crackpot,low,{,0.102563762,209.64604,757.3257319,1829.762503,,,,,
STE-366_1_1,3,F,1,1,as,high,{,0.24467018,199.546158,687.3594981,2149.869825,,,,,
STE-366_1_1,3,F,1,1,example,high,{,0.113685134,196.5397017,724.3669002,1911.536474,,,,,
STE-366_1_1,3,F,1,1,embittering,low,E,0.076613895,239.2310143,510.8021299,2199.814931,,,,,
STE-366_1_1,3,F,1,1,effect,high,E,0.177893494,208.0324585,792.2194518,1979.522509,,,,,
STE-366_1_1,3,F,1,1,tax,high,{,0.103157174,216.4615625,800.9548425,1836.407546,,,,,
STE-366_1_2,3,F,1,2,health,high,E,0.114443766,232.5123603,926.7273424,1583.055185,,,,,
STE-366_1_2,3,F,1,2,peppy,low,E,0.110524459,266.7450517,845.8779699,1856.715072,,,,,
STE-366_1_2,3,F,1,2,sectary,low,E,0.095631092,225.2309877,761.8488552,1839.713191,,,,,
STE-366_1_2,3,F,1,2,cases,high,eI,0.130904856,--undefined--,412.1298161,2399.662103,,,,,
STE-366_1_2,3,F,1,2,demarcations,low,eI,0.228887532,230.8327713,483.0882114,2380.412933,,,,,
STE-366_1_2,3,F,1,2,unless,high,E,0.208507136,252.5346442,742.9380667,1390.023382,,,,,
STE-366_1_2,3,F,1,2,collimated,low,eI,0.161475451,114.043125,570.0820806,2602.010187,,,,,
STE-366_1_2,3,F,1,2,relegated,low,E,0.040118267,207.2542477,618.5595613,1697.211159,,,,,
STE-366_1_2,3,F,1,2,interface,high,eI,0.187223054,128.1340145,493.4186719,2314.912879,,,,,
STE-366_1_2,3,F,1,2,claimed,high,eI,0.171083136,228.7682391,701.4679185,2294.881868,,,,,
STE-366_1_2,3,F,1,2,terracottas,low,E,0.083927576,231.6647817,701.5769959,1726.46992,,,,,
STE-366_1_2,3,F,1,2,traded,high,eI,0.145259266,210.8702815,554.0445736,2062.076725,,,,,
STE-366_1_2,3,F,1,2,alginate,low,{,0.081270343,--undefined--,792.1991954,1812.448183,,,,,
STE-366_1_2,3,F,1,2,crackpot,low,{,0.085479577,220.6250318,727.1518196,1786.693025,,,,,
STE-366_1_2,3,F,1,2,as,high,{,0.200164676,--undefined--,802.2678835,1873.840898,,,,,
STE-366_1_2,3,F,1,2,example,high,{,0.089753556,--undefined--,769.3021695,1848.694454,,,,,
STE-366_1_2,3,F,1,2,effect,high,E,0.175233133,220.1501895,799.008298,1865.703061,,,,,
STE-366_1_2,3,F,1,2,tax,high,{,0.146739941,221.8244747,794.6303675,1873.85815,,,,,
STE-366_2_1,3,F,2,1,neighborhood,high,eI,0.12664729,241.3341124,595.6013939,2400.517897,,,,,
STE-366_2_1,3,F,2,1,rattling,low,{,0.117264272,249.6478748,876.5283939,1746.743694,,,,,
STE-366_2_1,3,F,2,1,several,high,E,0.077331034,233.4355673,675.0849556,1795.573202,,,,,
STE-366_2_1,3,F,2,1,lasses,low,{,0.160366816,204.3109608,780.8934905,1903.830072,,,,,
STE-366_2_1,3,F,2,1,prefab,low,{,0.157197511,100.8826006,836.6490048,1833.124083,,,,,
STE-366_2_1,3,F,2,1,stategy,high,{,0.067189259,266.993222,786.7677741,1757.82655,,,,,
STE-366_2_1,3,F,2,1,chamfer,low,{,0.126772186,246.6209144,847.8002921,1812.874902,,,,,
STE-366_2_1,3,F,2,1,enmeshing,low,E,0.121067438,230.5284379,777.5364485,1961.525654,,,,,
STE-366_2_1,3,F,2,1,after,high,{,0.091275974,146.2411822,926.2441938,1885.72133,,,,,
STE-366_2_1,3,F,2,1,checked,high,E,0.155774104,225.2193046,772.6025995,1814.059412,,,,,
STE-366_2_1,3,F,2,1,somitazation,low,eI,0.169385434,213.8506026,476.9997257,2265.549135,,,,,
STE-366_2_1,3,F,2,1,natural,high,{,0.138287327,215.5433264,826.1107,2063.169099,,,,,
STE-366_2_1,3,F,2,1,antedating,low,eI,0.159933121,218.4378902,565.5447565,2285.518634,,,,,
STE-366_2_1,3,F,2,1,prevented,high,E,0.104531452,238.3842823,799.4519439,2028.166061,,,,,
STE-366_2_1,3,F,2,1,scathingly,low,eI,0.159933121,209.5970096,492.1735078,2374.962432,,,,,
STE-366_2_1,3,F,2,1,traipsed,low,eI,0.14111746,213.3801399,538.102129,2155.427659,,,,,
STE-366_2_2,3,F,2,2,neighborhood,high,eI,0.136875044,248.7183477,744.886587,2376.399929,,,,,
STE-366_2_2,3,F,2,2,rattling,low,{,0.102460747,259.5394764,845.3079683,1768.105308,,,,,
STE-366_2_2,3,F,2,2,several,high,E,0.107153606,229.6813702,695.4626513,1837.347007,,,,,
STE-366_2_2,3,F,2,2,lasses,low,{,0.161828076,201.8349332,733.0916397,1957.340935,,,,,
STE-366_2_2,3,F,2,2,prefab,low,{,0.12675204,111.2196195,802.7835966,1740.821987,,,,,
STE-366_2_2,3,F,2,2,stategy,high,{,0.139506962,267.1945614,779.7451356,1759.597554,,,,,
STE-366_2_2,3,F,2,2,chamfer,low,{,0.098850647,258.8321697,811.1121548,1788.56702,,,,,
STE-366_2_2,3,F,2,2,enmeshing,low,E,0.129143588,205.3764078,625.6087968,2003.34165,,,,,
STE-366_2_2,3,F,2,2,after,high,{,0.075690942,290.288358,857.8058081,1972.290475,,,,,
STE-366_2_2,3,F,2,2,checked,high,E,0.166603507,227.474266,761.0647947,1721.231697,,,,,
STE-366_2_2,3,F,2,2,somitazation,low,eI,0.161284731,232.1697011,544.6880849,2225.287084,,,,,
STE-366_2_2,3,F,2,2,natural,high,{,0.121417048,227.21836,796.1563944,1700.008179,,,,,
STE-366_2_2,3,F,2,2,antedating,low,eI,0.128894468,230.0470418,641.5877099,2273.940009,,,,,
STE-366_2_2,3,F,2,2,prevented,high,E,0.138046738,243.917874,828.0622243,2009.732064,,,,,
STE-366_2_2,3,F,2,2,scathingly,low,eI,0.137284049,101.856394,490.8723097,2428.544018,,,,,
STE-366_2_2,3,F,2,2,traipsed,low,eI,0.108301861,225.7024707,547.8200194,2119.139257,,,,,
STE-367_1_1,4,F,1,1,health,high,E,0.115811621,254.632668,988.818478,1628.466279,,,,,
STE-367_1_1,4,F,1,1,peppy,low,E,0.096306506,277.7371277,906.2301777,1962.378067,,,,,
STE-367_1_1,4,F,1,1,sectary,low,E,0.069486973,293.8088856,905.8503871,1982.964729,,,,,
STE-367_1_1,4,F,1,1,cases,high,eI,0.104839994,196.0376587,419.2681706,2322.354301,,,,,
STE-367_1_1,4,F,1,1,demarcations,low,eI,0.107278133,214.5041172,427.7125786,1873.388971,,,,,
STE-367_1_1,4,F,1,1,unless,high,E,0.092649297,264.5643727,816.0740449,1955.265712,,,,,
STE-367_1_1,4,F,1,1,collimated,low,eI,0.146288363,181.4063621,541.5063452,3006.502017,,,,,
STE-367_1_1,4,F,1,1,relegated,low,E,0.066967745,204.3459796,418.2218215,1599.140876,,,,,
STE-367_1_1,4,F,1,1,interface,high,eI,0.148285721,200.2168368,487.1386621,2090.977311,,,,,
STE-367_1_1,4,F,1,1,claimed,high,eI,0.13074655,235.0400505,932.3200116,2022.12111,,,,,
STE-367_1_1,4,F,1,1,terracottas,low,E,0.073345626,202.6198767,748.0928575,1805.000651,,,,,
STE-367_1_1,4,F,1,1,traded,high,eI,0.148285721,210.5788186,546.8950427,1902.845458,,,,,
STE-367_1_1,4,F,1,1,alginate,low,{,0.038267283,113.7038185,719.1421972,1863.206094,,,,,
STE-367_1_1,4,F,1,1,crackpot,low,{,0.119585259,206.0225385,1016.508145,1640.253019,,,,,
STE-367_1_1,4,F,1,1,as,high,{,0.071751155,201.4724311,935.1344016,1964.094389,,,,,
STE-367_1_1,4,F,1,1,example,high,{,0.092479267,198.0935262,812.6680352,1917.294572,,,,,
STE-367_1_1,4,F,1,1,embittering,low,E,0.084506916,214.0528531,538.6542869,2835.201198,,,,,
STE-367_1_1,4,F,1,1,effect,high,E,0.13393549,229.0459024,921.1616579,1953.211361,,,,,
STE-367_1_1,4,F,1,1,tax,high,{,0.063778805,205.8203744,705.4095817,1911.08392,,,,,
STE-367_1_2,4,F,1,2,health,high,E,0.120081475,244.0643797,965.2268425,1688.1563,,,,,
STE-367_1_2,4,F,1,2,peppy,low,E,0.07258258,261.9543827,842.4366623,2015.885345,,,,,
STE-367_1_2,4,F,1,2,sectary,low,E,0.082189098,253.4480108,843.2540852,1871.569327,,,,,
STE-367_1_2,4,F,1,2,cases,high,eI,0.117412997,--undefined--,410.9096423,2909.430384,,,,,
STE-367_1_2,4,F,1,2,demarcations,low,eI,0.107806479,227.5064235,435.0910975,2076.549093,,,,,
STE-367_1_2,4,F,1,2,unless,high,E,0.082189098,275.8373901,791.5130817,1982.413349,,,,,
STE-367_1_2,4,F,1,2,relegated,low,E,0.046965199,217.1588859,511.2679088,1911.165888,,,,,
STE-367_1_2,4,F,1,2,interface,high,eI,0.122048767,223.0597458,555.8542512,1989.695529,,,,,
STE-367_1_2,4,F,1,2,claimed,high,eI,0.115124014,249.8658627,932.3166762,2203.110658,,,,,
STE-367_1_2,4,F,1,2,terracottas,low,E,0.09088738,204.5557554,615.5901686,1726.437099,,,,,
STE-367_1_2,4,F,1,2,traded,high,eI,0.161866095,223.6085246,501.4767463,2099.614449,,,,,
STE-367_1_2,4,F,1,2,alginate,low,{,0.053666834,225.8626584,891.3227278,2010.182201,,,,,
STE-367_1_2,4,F,1,2,crackpot,low,{,0.100408915,212.8509652,847.8199993,1527.224248,,,,,
STE-367_1_2,4,F,1,2,as,high,{,0.06145718,214.7352642,858.7596389,1892.49989,,,,,
STE-367_1_2,4,F,1,2,example,high,{,0.100408915,199.8629587,781.2046167,1960.45559,,,,,
STE-367_1_2,4,F,1,2,embittering,low,E,0.067516339,216.4006541,461.4993192,2884.102571,,,,,
STE-367_1_2,4,F,1,2,effect,high,E,0.122048767,217.3943773,842.9368716,1902.909649,,,,,
STE-367_1_2,4,F,1,2,tax,high,{,0.041548516,214.874772,629.035839,1904.175259,,,,,
STE-367_2_1,4,F,2,1,neighborhood,high,eI,0.104200149,231.4456982,716.824318,1871.161398,,,,,
STE-367_2_1,4,F,2,1,rattling,low,{,0.088876598,250.0688479,1066.635819,1740.884755,,,,,
STE-367_2_1,4,F,2,1,several,high,E,0.073553046,215.9776743,603.8086789,1810.870041,,,,,
STE-367_2_1,4,F,2,1,lasses,low,{,0.082747177,212.5990838,496.4558491,2028.914049,,,,,
STE-367_2_1,4,F,2,1,prefab,low,{,0.12258841,205.8067612,912.296538,1864.265352,,,,,
STE-367_2_1,4,F,2,1,stategy,high,{,0.130250186,248.499439,1008.249087,1741.488129,,,,,
STE-367_2_1,4,F,2,1,chamfer,low,{,0.081214822,263.8776548,773.7302955,2010.344281,,,,,
STE-367_2_1,4,F,2,1,enmeshing,low,E,0.121056055,202.290249,991.7492417,1805.532545,,,,,
STE-367_2_1,4,F,2,1,after,high,{,0.087344242,126.1757791,1031.912594,1739.615429,,,,,
STE-367_2_1,4,F,2,1,checked,high,E,0.082747177,221.2275224,886.0302705,1812.519613,,,,,
STE-367_2_1,4,F,2,1,somitazation,low,eI,0.154767868,215.0364098,453.528075,1849.918733,,,,,
STE-367_2_1,4,F,2,1,natural,high,{,0.145573737,218.7992373,694.9426269,1561.57693,,,,,
STE-367_2_1,4,F,2,1,antedating,low,eI,0.150170803,213.8724293,476.2544507,1655.6647,,,,,
STE-367_2_1,4,F,2,1,prevented,high,E,0.088876598,229.7915286,989.1907841,1804.230648,,,,,
STE-367_2_1,4,F,2,1,scathingly,low,eI,0.131782541,220.9176617,891.4505595,1787.916037,,,,,
STE-367_2_1,4,F,2,1,states,high,eI,0.148638448,212.8786178,456.441989,2019.330765,,,,,
STE-367_2_1,4,F,2,1,traipsed,low,eI,0.133314896,230.8552339,920.044329,1755.906142,,,,,
STE-367_2_2,4,F,2,2,neighborhood,high,eI,0.120336467,233.1401462,706.1095616,1892.008259,,,,,
STE-367_2_2,4,F,2,2,rattling,low,{,0.170603599,239.478191,1153.001529,1810.246551,,,,,
STE-367_2_2,4,F,2,2,several,high,E,0.067022842,215.5055735,647.79954,1826.38701,,,,,
STE-367_2_2,4,F,2,2,lasses,low,{,0.091394785,208.4940412,523.8198491,1968.412011,,,,,
STE-367_2_2,4,F,2,2,prefab,low,{,0.089618292,198.0015912,891.063837,1778.627671,,,,,
STE-367_2_2,4,F,2,2,stategy,high,{,0.15416853,153.913381,994.033612,1882.410902,,,,,
STE-367_2_2,4,F,2,2,chamfer,low,{,0.116205111,246.0235945,584.6385844,1946.454259,,,,,
STE-367_2_2,4,F,2,2,enmeshing,low,E,0.122973288,206.2283132,994.6892817,1853.528233,,,,,
STE-367_2_2,4,F,2,2,after,high,{,0.090700954,248.0235011,1044.009454,1773.831076,,,,,
STE-367_2_2,4,F,2,2,checked,high,E,0.135195762,109.1746689,855.6245736,1862.464034,,,,,
STE-367_2_2,4,F,2,2,somitazation,low,eI,0.164288521,215.0418188,450.4515147,2940.240313,,,,,
STE-367_2_2,4,F,2,2,natural,high,{,0.118082374,195.7355272,717.3645106,2428.903886,,,,,
STE-367_2_2,4,F,2,2,antedating,low,eI,0.169422537,219.8893053,468.0725358,2612.441721,,,,,
STE-367_2_2,4,F,2,2,prevented,high,E,0.104768174,222.5989388,864.4251672,1926.480256,,,,,
STE-367_2_2,4,F,2,2,scathingly,low,{,0.133955789,216.7996126,857.7871412,1566.153241,,,,,
STE-367_2_2,4,F,2,2,states,high,eI,0.143787407,--undefined--,431.9824863,2641.844539,,,,,
STE-367_2_2,4,F,2,2,traipsed,low,eI,0.108147793,227.2027357,900.1945294,1797.550041,,,,,
STE-368_1_1,5,F,1,1,health,high,E,0.085476855,206.5295575,936.9771387,1532.761252,,,,,
STE-368_1_1,5,F,1,1,peppy,low,E,0.064107641,246.8029092,1029.073084,1946.276083,,,,,
STE-368_1_1,5,F,1,1,cases,high,eI,0.106846068,179.633775,390.9414146,2514.195546,,,,,
STE-368_1_1,5,F,1,1,demarcations,low,eI,0.192322923,201.291133,394.1175985,2664.530763,,,,,
STE-368_1_1,5,F,1,1,unless,high,E,0.078353783,255.5637394,767.4106992,2006.572955,,,,,
STE-368_1_1,5,F,1,1,collimated,low,eI,0.154926799,213.0077953,506.2237483,2724.260562,,,,,
STE-368_1_1,5,F,1,1,relegated,low,E,0.08903839,207.067832,586.7368617,2019.205381,,,,,
STE-368_1_1,5,F,1,1,interface,high,eI,0.156707567,189.0583749,384.9876156,2439.974036,,,,,
STE-368_1_1,5,F,1,1,claimed,high,eI,0.122872978,197.0951839,528.1342255,2016.861824,,,,,
STE-368_1_1,5,F,1,1,terracottas,low,E,0.099722997,198.4270296,606.8579867,1796.888848,,,,,
STE-368_1_1,5,F,1,1,traded,high,eI,0.160269102,217.5524543,565.1579416,2140.821013,,,,,
STE-368_1_1,5,F,1,1,alginate,low,{,0.044519195,208.3072695,710.5027897,1845.915874,,,,,
STE-368_1_1,5,F,1,1,crackpot,low,{,0.117530675,207.0387438,734.2828642,1835.594226,,,,,
STE-368_1_1,5,F,1,1,as,high,{,0.138899889,204.5594671,565.1426777,1491.78385,,,,,
STE-368_1_1,5,F,1,1,example,high,{,0.080134551,198.3416918,517.0963394,2018.281416,,,,,
STE-368_1_1,5,F,1,1,embittering,low,E,0.085476855,223.8867049,471.1538039,2687.139497,,,,,
STE-368_1_1,5,F,1,1,effect,high,E,0.167392173,203.859652,787.2078155,2000.218532,,,,,
STE-368_1_1,5,F,1,1,tax,high,{,0.083696087,186.5514848,820.5413339,1856.37105,,,,,
STE-368_1_2,5,F,1,2,health,high,E,0.122496568,189.9636404,772.2412746,1303.434364,,,,,
STE-368_1_2,5,F,1,2,peppy,low,E,0.076465308,247.1218878,713.7583191,1943.826589,,,,,
STE-368_1_2,5,F,1,2,cases,high,eI,0.081488364,178.0073552,418.8308804,2442.169887,,,,,
STE-368_1_2,5,F,1,2,demarcations,low,eI,0.120994667,188.0517421,578.6040144,2255.790469,,,,,
STE-368_1_2,5,F,1,2,unless,high,E,0.099684835,277.0168176,821.5463764,2124.886004,,,,,
STE-368_1_2,5,F,1,2,collimated,low,eI,0.144159607,203.5697682,499.8601785,2617.912802,,,,,
STE-368_1_2,5,F,1,2,relegated,low,eI,0.130357091,194.7074537,446.7456368,2532.7791,,,,,
STE-368_1_2,5,F,1,2,interface,high,eI,0.138025156,--undefined--,364.6943419,2465.662709,,,,,
STE-368_1_2,5,F,1,2,claimed,high,eI,0.119621802,198.8144921,580.364263,2133.58765,,,,,
STE-368_1_2,5,F,1,2,terracottas,low,E,0.0970374,203.2891613,601.0338484,1856.321199,,,,,
STE-368_1_2,5,F,1,2,traded,high,eI,0.082204701,217.3081213,533.901813,2451.189311,,,,,
STE-368_1_2,5,F,1,2,alginate,low,{,0.012582522,--undefined--,748.371624,1884.157276,,,,,
STE-368_1_2,5,F,1,2,crackpot,low,{,0.071274237,194.6416767,827.5240902,1749.898103,,,,,
STE-368_1_2,5,F,1,2,as,high,{,0.138228824,198.5457884,815.9405699,1642.912683,,,,,
STE-368_1_2,5,F,1,2,example,high,{,0.087722138,180.087832,527.0803571,2144.10546,,,,,
STE-368_1_2,5,F,1,2,embittering,low,E,0.063209806,221.9548862,456.8787937,2457.094248,,,,,
STE-368_1_2,5,F,1,2,effect,high,E,0.154178304,185.9863847,828.9827113,1968.675939,,,,,
STE-368_1_2,5,F,1,2,tax,high,{,0.084775137,191.7482985,724.7664311,1979.267438,,,,,
STE-368_2_1,5,F,2,1,neighborhood,high,eI,0.093116185,226.0417489,589.8849169,2299.01879,,,,,
STE-368_2_1,5,F,2,1,rattling,low,{,0.104919645,237.0606194,701.7087184,1903.813728,,,,,
STE-368_2_1,5,F,2,1,several,high,E,0.089181698,212.2817797,590.9819674,1903.074826,,,,,
STE-368_2_1,5,F,2,1,lasses,low,{,0.106064611,186.6686715,523.1499733,2223.535236,,,,,
STE-368_2_1,5,F,2,1,prefab,low,{,0.114960353,205.424979,665.923135,1925.335753,,,,,
STE-368_2_1,5,F,2,1,stategy,high,{,0.088600354,235.4778871,766.7332317,1685.156375,,,,,
STE-368_2_1,5,F,2,1,chamfer,low,{,0.107016655,283.7900017,810.5879263,1956.63925,,,,,
STE-368_2_1,5,F,2,1,enmeshing,low,E,0.149823317,189.5534555,540.3172174,2018.262806,,,,,
STE-368_2_1,5,F,2,1,after,high,{,0.120393737,250.9285751,953.1785295,1756.445757,,,,,
STE-368_2_1,5,F,2,1,checked,high,E,0.098990406,198.1856369,623.3680335,1905.269506,,,,,
STE-368_2_1,5,F,2,1,somitazation,low,eI,0.181928313,204.9712817,440.4123772,2482.781608,,,,,
STE-368_2_1,5,F,2,1,prevented,high,E,0.100867135,204.4150801,547.0321146,1986.761667,,,,,
STE-368_2_1,5,F,2,1,states,high,eI,0.136282562,180.4068042,378.888274,2510.619799,,,,,
STE-368_2_1,5,F,2,1,traipsed,low,eI,0.101069513,209.4677394,662.4599786,1892.224012,,,,,
STE-368_2_2,5,F,2,2,neighborhood,high,eI,0.101772055,205.2337294,498.9718432,2417.893224,,,,,
STE-368_2_2,5,F,2,2,rattling,low,{,0.075542144,216.1851936,646.2484995,1932.947477,,,,,
STE-368_2_2,5,F,2,2,lasses,low,{,0.06505018,184.4694066,552.2275485,2198.316704,,,,,
STE-368_2_2,5,F,2,2,prefab,low,{,0.119608395,205.5166092,711.294703,1889.779455,,,,,
STE-368_2_2,5,F,2,2,stategy,high,{,0.178363396,240.9617025,691.2908411,1848.677513,,,,,
STE-368_2_2,5,F,2,2,chamfer,low,{,0.077640537,247.8297497,699.3068083,1988.052051,,,,,
STE-368_2_2,5,F,2,2,enmeshing,low,E,0.128001967,176.5700846,599.2967407,1454.723534,,,,,
STE-368_2_2,5,F,2,2,after,high,{,0.119608395,252.759745,809.086742,1800.406593,,,,,
STE-368_2_2,5,F,2,2,checked,high,E,0.125903574,196.4844543,669.8224735,1995.946788,,,,,
STE-368_2_2,5,F,2,2,somitazation,low,eI,0.117510002,194.3937091,395.4036739,2525.867469,,,,,
STE-368_2_2,5,F,2,2,antedating,low,eI,0.142690717,212.3347551,458.7881669,2511.392085,,,,,
STE-368_2_2,5,F,2,2,prevented,high,E,0.119799989,191.1445641,544.3164283,2227.319084,,,,,
STE-368_2_2,5,F,2,2,traipsed,low,eI,0.087023751,199.2670243,645.9004987,1962.497693,,,,,
STE-369_1_1,6,M,1,1,health,high,E,0.044321332,139.0943086,674.1448201,1714.866728,,,,,
STE-369_1_1,6,M,1,1,peppy,low,E,0.079145236,126.2123367,616.4451156,1630.852144,,,,,
STE-369_1_1,6,M,1,1,sectary,low,E,0.074396522,122.1463147,526.455261,1838.819975,,,,,
STE-369_1_1,6,M,1,1,cases,high,eI,0.109220425,98.84008649,361.8739714,2298.107282,,,,,
STE-369_1_1,6,M,1,1,demarcations,low,eI,0.109220425,111.0132811,362.0607108,2243.828842,,,,,
STE-369_1_1,6,M,1,1,unless,high,E,0.099722997,145.2192203,503.8662733,1639.256896,,,,,
STE-369_1_1,6,M,1,1,collimated,low,eI,0.098904573,90.11479235,439.7636471,2137.604035,,,,,
STE-369_1_1,6,M,1,1,relegated,low,E,0.024230867,111.4368562,512.9941784,1588.566822,,,,,
STE-369_1_1,6,M,1,1,interface,high,eI,0.153937272,96.66499889,360.1064378,2228.953695,,,,,
STE-369_1_1,6,M,1,1,claimed,high,eI,0.138361296,114.9536607,489.5675962,1817.332363,,,,,
STE-369_1_1,6,M,1,1,terracottas,low,E,0.055807658,104.4172902,549.8006795,1622.836828,,,,,
STE-369_1_1,6,M,1,1,traded,high,eI,0.071620352,121.877198,430.2112086,1932.553817,,,,,
STE-369_1_1,6,M,1,1,alginate,low,{,0.019894542,122.7919985,646.9663622,1604.616396,,,,,
STE-369_1_1,6,M,1,1,crackpot,low,{,0.054063503,119.0158318,711.2165654,1620.822429,,,,,
STE-369_1_1,6,M,1,1,as,high,{,0.131891562,96.67009732,612.9244852,1772.244458,,,,,
STE-369_1_1,6,M,1,1,example,high,{,0.067681196,114.5090927,589.5445939,1654.030964,,,,,
STE-369_1_1,6,M,1,1,embittering,low,E,0.050041013,118.1114755,416.4223731,1916.170363,,,,,
STE-369_1_1,6,M,1,1,effect,high,E,0.142356861,123.7989019,618.2020985,1633.494499,,,,,
STE-369_1_1,6,M,1,1,tax,high,{,0.083842077,99.17477965,659.7434818,1670.516943,,,,,
STE-369_1_2,6,M,1,2,health,high,E,0.029418391,134.2370693,584.5014097,1723.817392,,,,,
STE-369_1_2,6,M,1,2,peppy,low,E,0.063870016,122.4673262,597.8961437,1668.259537,,,,,
STE-369_1_2,6,M,1,2,sectary,low,E,0.058316102,123.3168694,574.6098363,1781.007899,,,,,
STE-369_1_2,6,M,1,2,cases,high,eI,0.111078289,114.3549014,354.8351816,2317.182472,,,,,
STE-369_1_2,6,M,1,2,demarcations,low,eI,0.091639588,115.2409768,354.0114947,2097.207916,,,,,
STE-369_1_2,6,M,1,2,unless,high,E,0.030520516,163.4250547,550.9427419,1612.870743,,,,,
STE-369_1_2,6,M,1,2,collimated,low,eI,0.08012421,97.64885243,472.8398711,2039.036917,,,,,
STE-369_1_2,6,M,1,2,relegated,low,E,0.030851663,123.0284173,549.4138059,1420.20291,,,,,
STE-369_1_2,6,M,1,2,interface,high,eI,0.162791754,103.0815461,384.1523814,2026.559794,,,,,
STE-369_1_2,6,M,1,2,claimed,high,eI,0.044758003,133.2978205,424.826441,1913.185791,,,,,
STE-369_1_2,6,M,1,2,terracottas,low,E,0.055532957,125.9749019,609.7709804,1581.944578,,,,,
STE-369_1_2,6,M,1,2,traded,high,eI,0.070143391,114.3046328,412.6045531,1920.770545,,,,,
STE-369_1_2,6,M,1,2,alginate,low,{,0.034906049,--undefined--,627.4283516,1639.005368,,,,,
STE-369_1_2,6,M,1,2,crackpot,low,{,0.037466295,129.1819785,682.8877276,1580.203993,,,,,
STE-369_1_2,6,M,1,2,as,high,{,0.149316221,90.35338427,650.9035158,1785.555661,,,,,
STE-369_1_2,6,M,1,2,example,high,{,0.07561366,131.3450608,702.8276064,1459.614253,,,,,
STE-369_1_2,6,M,1,2,embittering,low,E,0.035156183,113.2201808,437.463395,1955.494066,,,,,
STE-369_1_2,6,M,1,2,effect,high,E,0.149999713,126.6227622,667.1305628,1706.773717,,,,,
STE-369_1_2,6,M,1,2,tax,high,{,0.064118071,98.50043002,501.1261827,1845.487872,,,,,
STE-369_2_1,6,M,2,1,neighborhood,high,eI,0.059424881,121.8111979,460.3262765,2182.124702,,,,,
STE-369_2_1,6,M,2,1,rattling,low,{,0.061551442,145.1208,717.4268195,1449.494192,,,,,
STE-369_2_1,6,M,2,1,several,high,E,0.044764685,131.8702231,577.5330414,1629.089831,,,,,
STE-369_2_1,6,M,2,1,lasses,low,{,0.095777189,125.916705,514.7947919,1891.93525,,,,,
STE-369_2_1,6,M,2,1,prefab,low,{,0.095682619,98.03609288,696.5264095,1554.808953,,,,,
STE-369_2_1,6,M,2,1,stategy,high,{,0.075755812,158.2118354,630.4660621,1561.238053,,,,,
STE-369_2_1,6,M,2,1,chamfer,low,{,0.040521501,152.2229057,589.9512624,1755.622199,,,,,
STE-369_2_1,6,M,2,1,enmeshing,low,{,0.092446518,136.2266349,677.7401225,1807.891284,,,,,
STE-369_2_1,6,M,2,1,after,high,{,0.087008487,132.7499855,659.040868,1678.097352,,,,,
STE-369_2_1,6,M,2,1,checked,high,E,0.121232714,146.5814997,645.5597119,1739.832684,,,,,
STE-369_2_1,6,M,2,1,somitazation,low,eI,0.110888675,135.5351854,382.1706618,2102.593711,,,,,
STE-369_2_1,6,M,2,1,natural,high,eI,0.075825872,107.6974068,425.6133468,2138.873191,,,,,
STE-369_2_1,6,M,2,1,antedating,low,eI,0.086320969,105.974164,416.4440654,2008.58272,,,,,
STE-369_2_1,6,M,2,1,prevented,high,E,0.073001773,151.482805,495.1954651,1714.363766,,,,,
STE-369_2_1,6,M,2,1,scathingly,low,{,0.095077764,138.9820655,521.2828438,1850.062341,,,,,
STE-369_2_1,6,M,2,1,states,high,eI,0.134875125,111.7140635,368.4183617,2140.906372,,,,,
STE-369_2_1,6,M,2,1,traipsed,low,eI,0.14556082,118.908321,345.7518493,2279.531431,,,,,
STE-369_2_2,6,M,2,2,neighborhood,high,eI,0.064206233,139.2361339,488.6834052,2031.34573,,,,,
STE-369_2_2,6,M,2,2,rattling,low,{,0.048056194,124.9978588,643.1500416,1430.538282,,,,,
STE-369_2_2,6,M,2,2,several,high,E,0.07473551,106.8241711,595.1623503,1645.590844,,,,,
STE-369_2_2,6,M,2,2,lasses,low,{,0.074730559,122.3615602,485.9253236,1854.650345,,,,,
STE-369_2_2,6,M,2,2,prefab,low,{,0.041844531,95.86931205,691.4541352,1552.79134,,,,,
STE-369_2_2,6,M,2,2,stategy,high,{,0.088521449,137.641149,481.8498475,1586.278045,,,,,
STE-369_2_2,6,M,2,2,chamfer,low,{,0.049540483,118.9822827,586.2348784,1578.471764,,,,,
STE-369_2_2,6,M,2,2,enmeshing,low,E,0.079445744,112.436894,544.8341514,1791.617162,,,,,
STE-369_2_2,6,M,2,2,after,high,{,0.02802301,127.6186415,692.5851976,1766.732141,,,,,
STE-369_2_2,6,M,2,2,checked,high,E,0.138184459,129.3327877,557.7389236,1779.578895,,,,,
STE-369_2_2,6,M,2,2,somitazation,low,eI,0.093622555,125.9022,449.8785523,1959.343254,,,,,
STE-369_2_2,6,M,2,2,natural,high,{,0.105358322,104.7656162,489.7301402,2177.997052,,,,,
STE-369_2_2,6,M,2,2,antedating,low,eI,0.108566554,103.2123641,397.8373322,2014.907697,,,,,
STE-369_2_2,6,M,2,2,prevented,high,E,0.056536143,141.387616,567.735637,1722.881518,,,,,
STE-369_2_2,6,M,2,2,scathingly,low,{,0.082876508,119.5246543,497.2005676,1921.552355,,,,,
STE-369_2_2,6,M,2,2,states,high,eI,0.117976904,101.2486201,372.8452956,2165.985503,,,,,
STE-369_2_2,6,M,2,2,traipsed,low,eI,0.074818628,134.8087197,397.6795669,2037.578698,,,,,
STE-375_1_1,7,M,1,1,health,high,E,0.060635574,117.1901107,533.5367924,1730.149879,,,,,
STE-375_1_1,7,M,1,1,peppy,low,E,0.09895312,130.7975837,611.2055946,1947.958129,,,,,
STE-375_1_1,7,M,1,1,sectary,low,E,0.086696689,118.5168572,515.8556415,1940.831412,,,,,
STE-375_1_1,7,M,1,1,cases,high,eI,0.124326473,100.581702,368.3682631,2295.888735,,,,,
STE-375_1_1,7,M,1,1,demarcations,low,eI,0.10586668,126.6815961,405.2600897,2242.865523,,,,,
STE-375_1_1,7,M,1,1,unless,high,E,0.126691024,125.2668799,678.6535702,1743.807062,,,,,
STE-375_1_1,7,M,1,1,collimated,low,eI,0.11061423,100.6398912,469.4168731,2301.616731,,,,,
STE-375_1_1,7,M,1,1,interface,high,eI,0.143709366,113.1900197,438.5263191,2202.537699,,,,,
STE-375_1_1,7,M,1,1,claimed,high,eI,0.135315554,116.3802144,470.3765376,2115.865281,,,,,
STE-375_1_1,7,M,1,1,terracottas,low,E,0.08271175,118.4831772,640.7576883,1804.596665,,,,,
STE-375_1_1,7,M,1,1,traded,high,eI,0.11090064,111.5801363,408.3014386,2323.79266,,,,,
STE-375_1_1,7,M,1,1,alginate,low,{,0.078173111,112.7751968,839.8962795,1704.748602,,,,,
STE-375_1_1,7,M,1,1,crackpot,low,{,0.073123217,112.5453199,658.2417264,1771.851467,,,,,
STE-375_1_1,7,M,1,1,as,high,{,0.113125182,91.94948952,698.0611696,1765.712654,,,,,
STE-375_1_1,7,M,1,1,example,high,{,0.064992592,98.50693687,528.4171565,1898.051524,,,,,
STE-375_1_1,7,M,1,1,embittering,low,E,0.041294161,106.2260557,537.4166034,1968.198596,,,,,
STE-375_1_1,7,M,1,1,effect,high,E,0.072138467,103.8309899,516.6142265,1758.453552,,,,,
STE-375_1_1,7,M,1,1,tax,high,{,0.071079278,102.3199196,600.1887197,1999.294321,,,,,
STE-375_1_2,7,M,1,2,health,high,E,0.038330223,117.4664541,680.2418236,1406.09351,,,,,
STE-375_1_2,7,M,1,2,sectary,low,E,0.078460502,117.9038349,654.3886703,1927.677895,,,,,
STE-375_1_2,7,M,1,2,cases,high,eI,0.0613698,99.91673538,390.6866119,2381.126224,,,,,
STE-375_1_2,7,M,1,2,demarcations,low,eI,0.131597736,125.1740098,462.9059002,2289.638224,,,,,
STE-375_1_2,7,M,1,2,unless,high,E,0.081652102,127.6059637,717.6989193,1740.352087,,,,,
STE-375_1_2,7,M,1,2,collimated,low,eI,0.101317367,105.7264518,445.7646301,2395.480364,,,,,
STE-375_1_2,7,M,1,2,relegated,low,E,0.106259677,92.04792209,352.2298678,2431.099382,,,,,
STE-375_1_2,7,M,1,2,interface,high,eI,0.130801006,109.6403904,418.8094081,2306.842511,,,,,
STE-375_1_2,7,M,1,2,claimed,high,eI,0.095332567,113.5293194,517.3103183,2204.212232,,,,,
STE-375_1_2,7,M,1,2,terracottas,low,E,0.044287221,115.8939439,616.2947481,1799.98804,,,,,
STE-375_1_2,7,M,1,2,traded,high,eI,0.093766881,118.3722907,389.1599167,2401.274711,,,,,
STE-375_1_2,7,M,1,2,alginate,low,{,0.07593674,108.3885594,774.0892176,1676.700719,,,,,
STE-375_1_2,7,M,1,2,crackpot,low,{,0.060906152,113.6400021,632.2728928,1686.404604,,,,,
STE-375_1_2,7,M,1,2,as,high,{,0.168384349,103.5286913,706.831159,1867.547636,,,,,
STE-375_1_2,7,M,1,2,example,high,{,0.059074642,108.9392445,476.8277194,1946.59204,,,,,
STE-375_1_2,7,M,1,2,embittering,low,E,0.077028785,--undefined--,435.5890724,2348.292508,,,,,
STE-375_1_2,7,M,1,2,effect,high,E,0.062537353,110.0023381,501.9074936,1450.243829,,,,,
STE-375_1_2,7,M,1,2,tax,high,{,0.113484609,107.1011215,706.2139192,1980.876104,,,,,
STE-375_2_1,7,M,2,1,neighborhood,high,eI,0.067664918,113.9410775,585.2451476,2064.837979,,,,,
STE-375_2_1,7,M,2,1,rattling,low,{,0.077751962,117.3919975,689.2793167,1775.937473,,,,,
STE-375_2_1,7,M,2,1,several,high,E,0.093446386,109.5233548,663.851531,1821.463525,,,,,
STE-375_2_1,7,M,2,1,lasses,low,{,0.086180352,108.5813771,467.3635094,2091.750192,,,,,
STE-375_2_1,7,M,2,1,prefab,low,{,0.119566911,100.747075,712.2084806,1894.584221,,,,,
STE-375_2_1,7,M,2,1,stategy,high,{,0.07225349,131.4528301,671.7387628,1693.977309,,,,,
STE-375_2_1,7,M,2,1,chamfer,low,{,0.061146855,130.8431171,480.7634973,2005.865919,,,,,
STE-375_2_1,7,M,2,1,enmeshing,low,E,0.044109992,97.92054077,496.7433315,1963.745908,,,,,
STE-375_2_1,7,M,2,1,after,high,{,0.081628889,119.4061971,766.6857149,1785.483627,,,,,
STE-375_2_1,7,M,2,1,checked,high,E,0.092397041,116.5872512,485.5040551,2156.916013,,,,,
STE-375_2_1,7,M,2,1,somitazation,low,eI,0.137645206,113.2895762,444.5286185,2307.862302,,,,,
STE-375_2_1,7,M,2,1,natural,high,{,0.108123101,102.451653,550.4245743,2151.671476,,,,,
STE-375_2_1,7,M,2,1,antedating,low,eI,0.153275223,130.9245625,431.4508733,2295.061993,,,,,
STE-375_2_1,7,M,2,1,prevented,high,E,0.090133211,118.1991366,445.7869748,2163.963684,,,,,
STE-375_2_1,7,M,2,1,states,high,eI,0.129658729,100.4831083,442.3644197,2259.561198,,,,,
STE-375_2_1,7,M,2,1,traipsed,low,eI,0.119196877,121.6964959,387.315205,2255.014725,,,,,
STE-375_2_2,7,M,2,2,neighborhood,high,eI,0.061521155,114.5362484,537.178126,2013.335434,,,,,
STE-375_2_2,7,M,2,2,rattling,low,{,0.069255811,118.408939,700.0060167,1725.402117,,,,,
STE-375_2_2,7,M,2,2,several,high,E,0.083460517,110.4791948,649.8404197,1688.927296,,,,,
STE-375_2_2,7,M,2,2,lasses,low,{,0.075083532,109.5346962,450.6674521,2007.617063,,,,,
STE-375_2_2,7,M,2,2,prefab,low,{,0.143661722,101.8427362,711.7796069,1873.71105,,,,,
STE-375_2_2,7,M,2,2,stategy,high,{,0.10068892,126.2821966,654.7795278,1739.209772,,,,,
STE-375_2_2,7,M,2,2,chamfer,low,{,0.0795379,126.822788,518.2114063,1903.251006,,,,,
STE-375_2_2,7,M,2,2,enmeshing,low,E,0.085053377,108.9537395,448.6535805,2161.649706,,,,,
STE-375_2_2,7,M,2,2,after,high,{,0.099143424,123.0442663,733.3819074,1806.93546,,,,,
STE-375_2_2,7,M,2,2,checked,high,E,0.088809073,113.3740637,481.7978002,2095.155082,,,,,
STE-375_2_2,7,M,2,2,somitazation,low,eI,0.164687736,107.7539645,475.355662,2256.807041,,,,,
STE-375_2_2,7,M,2,2,natural,high,{,0.115910337,108.7820929,527.6643653,2050.696075,,,,,
STE-375_2_2,7,M,2,2,antedating,low,eI,0.19524842,117.9169433,418.4229211,2311.78294,,,,,
STE-375_2_2,7,M,2,2,prevented,high,E,0.112219007,111.0679738,535.1415285,2122.786318,,,,,
STE-375_2_2,7,M,2,2,scathingly,low,eI,0.103001312,118.6478564,637.151708,2014.33645,,,,,
STE-375_2_2,7,M,2,2,states,high,eI,0.112766208,102.1357116,419.5866262,2217.132006,,,,,
STE-375_2_2,7,M,2,2,traipsed,low,eI,0.082349127,111.6884006,434.075221,2175.044722,,,,,
STE-380_1_1,8,M,1,1,health,high,E,0.082098366,150.7152428,533.0860952,1549.9772,,,,,
STE-380_1_1,8,M,1,1,peppy,low,E,0.057282681,173.1059507,461.2940881,1767.688502,,,,,
STE-380_1_1,8,M,1,1,cases,high,eI,0.067523316,136.6577963,406.0580294,1849.226537,,,,,
STE-380_1_1,8,M,1,1,demarcations,low,eI,0.05534651,164.8894043,430.0166603,1816.063912,,,,,
STE-380_1_1,8,M,1,1,unless,high,E,0.095528887,179.1402816,462.726902,1616.726136,,,,,
STE-380_1_1,8,M,1,1,interface,high,eI,0.089090376,118.6109003,369.5157928,2144.5212,,,,,
STE-380_1_1,8,M,1,1,claimed,high,eI,0.091583943,153.9474496,493.2521757,1675.371512,,,,,
STE-380_1_1,8,M,1,1,terracottas,low,E,0.051687366,133.1130304,466.6648651,1571.295124,,,,,
STE-380_1_1,8,M,1,1,traded,high,eI,0.095202543,128.5208832,456.2189632,1787.674946,,,,,
STE-380_1_1,8,M,1,1,alginate,low,{,0.085366278,153.188355,428.5081261,1485.481944,,,,,
STE-380_1_1,8,M,1,1,crackpot,low,{,0.042392931,136.102607,487.0319423,1590.462296,,,,,
STE-380_1_1,8,M,1,1,as,high,{,0.125717053,--undefined--,492.1434872,1768.32047,,,,,
STE-380_1_1,8,M,1,1,example,high,{,0.07818854,137.7049525,476.6948811,1795.049478,,,,,
STE-380_1_1,8,M,1,1,embittering,low,E,0.11800412,--undefined--,372.6078808,2326.283823,,,,,
STE-380_1_1,8,M,1,1,tax,high,{,0.066421649,123.8295461,495.256857,1874.55021,,,,,
STE-380_1_2,8,M,1,2,health,high,E,0.090789254,156.8965515,582.0020388,1417.881394,,,,,
STE-380_1_2,8,M,1,2,peppy,low,E,0.071894667,204.4679325,471.0521304,1682.384313,,,,,
STE-380_1_2,8,M,1,2,cases,high,eI,0.100339679,--undefined--,444.2233867,1754.993004,,,,,
STE-380_1_2,8,M,1,2,demarcations,low,eI,0.080863206,152.4481682,426.9552999,1795.196417,,,,,
STE-380_1_2,8,M,1,2,unless,high,E,0.104862689,187.4063388,535.9198601,1584.836401,,,,,
STE-380_1_2,8,M,1,2,collimated,low,eI,0.104765671,151.3896236,413.6876199,2000.422976,,,,,
STE-380_1_2,8,M,1,2,interface,high,eI,0.079141932,114.2200001,424.3091007,1957.35887,,,,,
STE-380_1_2,8,M,1,2,claimed,high,eI,0.082802009,165.5438002,542.3379782,1633.755153,,,,,
STE-380_1_2,8,M,1,2,terracottas,low,E,0.043508991,177.6242963,426.0545908,1460.662438,,,,,
STE-380_1_2,8,M,1,2,traded,high,eI,0.106039662,134.6072032,491.3218466,1665.2703,,,,,
STE-380_1_2,8,M,1,2,alginate,low,{,0.089317391,149.5657715,503.0015391,1400.391578,,,,,
STE-380_1_2,8,M,1,2,crackpot,low,{,0.031185543,131.2894848,443.0721888,1590.812581,,,,,
STE-380_1_2,8,M,1,2,as,high,{,0.141986115,121.6288227,489.3928876,1791.28263,,,,,
STE-380_1_2,8,M,1,2,example,high,{,0.062845714,135.7363412,481.6260642,1724.023175,,,,,
STE-380_1_2,8,M,1,2,tax,high,{,0.050729312,135.6102246,535.9000526,1783.880153,,,,,
STE-380_2_1,8,M,2,1,neighborhood,high,eI,0.084121506,147.3292892,461.8483342,1899.87574,,,,,
STE-380_2_1,8,M,2,1,rattling,low,{,0.088074174,173.6192568,453.6406632,1792.087594,,,,,
STE-380_2_1,8,M,2,1,several,high,E,0.112045179,146.483114,464.6613602,1695.86205,,,,,
STE-380_2_1,8,M,2,1,lasses,low,{,0.070717039,135.3885514,498.8459008,1686.023791,,,,,
STE-380_2_1,8,M,2,1,prefab,low,{,0.100168874,131.7212805,499.5359033,1509.887767,,,,,
STE-380_2_1,8,M,2,1,stategy,high,{,0.090184489,103.5201272,495.3850543,1625.358314,,,,,
STE-380_2_1,8,M,2,1,chamfer,low,{,0.179088173,181.9441044,411.6095269,1861.787506,,,,,
STE-380_2_1,8,M,2,1,enmeshing,low,E,0.067153866,--undefined--,1622.546112,2540.99143,,,,,
STE-380_2_1,8,M,2,1,after,high,{,0.131171333,145.7638918,521.3610197,1670.106565,,,,,
STE-380_2_1,8,M,2,1,checked,high,E,0.132224086,120.3239347,567.0073747,1912.380425,,,,,
STE-380_2_1,8,M,2,1,somitazation,low,eI,0.098305374,91.59529783,365.1068266,2250.207128,,,,,
STE-380_2_1,8,M,2,1,natural,high,{,0.079803173,132.5543045,445.9883937,1927.44602,,,,,
STE-380_2_1,8,M,2,1,antedating,low,eI,0.123413373,135.0172639,405.1244427,2242.806568,,,,,
STE-380_2_1,8,M,2,1,prevented,high,E,0.071152794,140.2255897,489.2717844,1790.917793,,,,,
STE-380_2_1,8,M,2,1,scathingly,low,eI,0.113095065,156.3887035,448.2147863,1855.086061,,,,,
STE-380_2_1,8,M,2,1,states,high,eI,0.102350842,154.2347167,419.1159203,2047.919546,,,,,
STE-380_2_1,8,M,2,1,traipsed,low,eI,0.145382458,134.7369479,497.0081304,1567.180618,,,,,
STE-380_2_2,8,M,2,2,neighborhood,high,eI,0.069991946,142.4372002,521.6626663,1759.830132,,,,,
STE-380_2_2,8,M,2,2,rattling,low,{,0.103038167,161.288927,416.799539,1787.862015,,,,,
STE-380_2_2,8,M,2,2,several,high,E,0.063001941,153.6501164,473.7575066,1430.766984,,,,,
STE-380_2_2,8,M,2,2,lasses,low,{,0.088443895,144.7965471,518.0249474,1729.787803,,,,,
STE-380_2_2,8,M,2,2,prefab,low,{,0.040837503,146.7552245,480.6172312,1248.443312,,,,,
STE-380_2_2,8,M,2,2,stategy,high,{,0.101282896,217.9018569,688.3718657,1510.561599,,,,,
STE-380_2_2,8,M,2,2,chamfer,low,{,0.057651754,203.733138,428.3321582,1417.477052,,,,,
STE-380_2_2,8,M,2,2,enmeshing,low,E,0.095750094,--undefined--,471.5265414,1943.157735,,,,,
STE-380_2_2,8,M,2,2,after,high,{,0.073316556,90.97934395,644.5904952,1614.049784,,,,,
STE-380_2_2,8,M,2,2,checked,high,E,0.094379283,143.2354132,695.9879896,1710.47305,,,,,
STE-380_2_2,8,M,2,2,somitazation,low,eI,0.107717641,99.99226671,441.2784686,2113.034214,,,,,
STE-380_2_2,8,M,2,2,natural,high,{,0.097651639,136.2358381,610.1126769,1848.734924,,,,,
STE-380_2_2,8,M,2,2,antedating,low,eI,0.139678988,134.546215,456.7602745,1378.082049,,,,,
STE-380_2_2,8,M,2,2,prevented,high,E,0.072725927,136.848362,525.4024211,1823.057965,,,,,
STE-380_2_2,8,M,2,2,scathingly,low,eI,0.113871364,172.8975927,470.4288461,1829.122624,,,,,
STE-380_2_2,8,M,2,2,states,high,eI,0.15592452,152.4322718,327.276131,2452.406682,,,,,
STE-380_2_2,8,M,2,2,traipsed,low,eI,0.068388684,147.0280489,563.1120127,1620.284443,,,,,
STE-382_1_1,9,F,1,1,health,high,E,0.150748695,223.9743157,687.7693845,1041.595677,,,,,
STE-382_1_1,9,F,1,1,peppy,low,E,0.082472643,209.6097416,984.8949794,1797.166383,,,,,
STE-382_1_1,9,F,1,1,sectary,low,E,0.09384818,195.1289333,894.564498,1937.648287,,,,,
STE-382_1_1,9,F,1,1,cases,high,eI,0.097862388,189.8340826,380.7037719,2637.180507,,,,,
STE-382_1_1,9,F,1,1,demarcations,low,eI,0.334572265,205.7475153,422.1526891,1271.654233,,,,,
STE-382_1_1,9,F,1,1,unless,high,E,0.090768455,212.1713587,563.1624092,850.5125171,,,,,
STE-382_1_1,9,F,1,1,collimated,low,eI,0.126490461,189.7732114,484.1994004,2809.043007,,,,,
STE-382_1_1,9,F,1,1,relegated,low,E,0.083089523,188.2996287,949.5886959,1876.973746,,,,,
STE-382_1_1,9,F,1,1,interface,high,eI,0.16431679,185.6254887,421.7633799,2625.392396,,,,,
STE-382_1_1,9,F,1,1,claimed,high,eI,0.10291686,191.6138463,811.8056508,2205.036886,,,,,
STE-382_1_1,9,F,1,1,terracottas,low,E,0.092753521,204.6519511,855.2193723,1879.567463,,,,,
STE-382_1_1,9,F,1,1,traded,high,eI,0.133293545,215.4076729,520.0433665,1923.231264,,,,,
STE-382_1_1,9,F,1,1,alginate,low,{,0.086571923,194.0712841,732.821516,1986.083574,,,,,
STE-382_1_1,9,F,1,1,crackpot,low,{,0.097112804,203.0845974,767.785381,1760.990146,,,,,
STE-382_1_1,9,F,1,1,as,high,{,0.147637128,187.1658544,927.8252678,2045.175831,,,,,
STE-382_1_1,9,F,1,1,example,high,{,0.09100799,173.273635,765.4111683,1385.659086,,,,,
STE-382_1_1,9,F,1,1,embittering,low,E,0.09695744,206.2426449,801.5664367,2186.78117,,,,,
STE-382_1_1,9,F,1,1,effect,high,E,0.043363177,212.758852,567.6970915,2289.135153,,,,,
STE-382_1_1,9,F,1,1,tax,high,{,0.077174899,198.8579914,863.9547698,1859.179662,,,,,
STE-382_1_2,9,F,1,2,health,high,E,0.05157997,229.8130915,897.4950083,1635.934093,,,,,
STE-382_1_2,9,F,1,2,peppy,low,E,0.086700403,213.9217429,782.1032344,1770.479858,,,,,
STE-382_1_2,9,F,1,2,sectary,low,E,0.10327548,195.942531,822.240282,1897.833968,,,,,
STE-382_1_2,9,F,1,2,cases,high,eI,0.141415084,179.912202,392.2373389,1497.313531,,,,,
STE-382_1_2,9,F,1,2,demarcations,low,eI,0.226054825,222.7767336,460.924675,2033.679447,,,,,
STE-382_1_2,9,F,1,2,unless,high,E,0.133285287,275.240554,826.970778,1890.563931,,,,,
STE-382_1_2,9,F,1,2,collimated,low,eI,0.119412055,180.7722427,435.2946675,2780.101273,,,,,
STE-382_1_2,9,F,1,2,relegated,low,E,0.079169456,193.9319951,850.7310013,1914.720935,,,,,
STE-382_1_2,9,F,1,2,claimed,high,eI,0.105526978,198.0307052,747.0300031,1966.327656,,,,,
STE-382_1_2,9,F,1,2,terracottas,low,E,0.121549398,202.4401725,977.7902206,1812.404747,,,,,
STE-382_1_2,9,F,1,2,traded,high,eI,0.141005195,197.162768,485.0255727,2349.70252,,,,,
STE-382_1_2,9,F,1,2,alginate,low,{,0.078066548,202.7989536,818.495078,1958.238075,,,,,
STE-382_1_2,9,F,1,2,crackpot,low,{,0.091247689,204.4478111,752.0127979,1764.240829,,,,,
STE-382_1_2,9,F,1,2,as,high,{,0.183058635,186.647836,928.2381025,1968.094223,,,,,
STE-382_1_2,9,F,1,2,example,high,{,0.10179894,178.1252085,847.8754613,2001.704574,,,,,
STE-382_1_2,9,F,1,2,embittering,low,E,0.098391298,218.7166697,614.0930245,1956.244188,,,,,
STE-382_1_2,9,F,1,2,effect,high,E,0.050597235,225.2264161,451.9542208,2344.623116,,,,,
STE-382_1_2,9,F,1,2,tax,high,{,0.096645202,199.167916,736.3021337,1761.312949,,,,,
STE-382_2_1,9,F,2,1,neighborhood,high,eI,0.106078475,231.3085337,472.303696,2746.123069,,,,,
STE-382_2_1,9,F,2,1,rattling,low,{,0.089989215,229.75239,871.8601571,1818.825464,,,,,
STE-382_2_1,9,F,2,1,several,high,E,0.109430679,233.4407253,860.8683486,1861.718696,,,,,
STE-382_2_1,9,F,2,1,lasses,low,{,0.151540679,215.0112095,754.4618882,1908.699401,,,,,
STE-382_2_1,9,F,2,1,prefab,low,{,0.096348517,210.0192603,763.9630839,1867.070728,,,,,
STE-382_2_1,9,F,2,1,stategy,high,{,0.095979365,227.8482543,869.2216968,1491.837559,,,,,
STE-382_2_1,9,F,2,1,chamfer,low,{ ,0.098649121,226.062398,829.8953632,1771.014018,,,,,
STE-382_2_1,9,F,2,1,enmeshing,low,E,0.134998544,198.5195535,631.1567226,1737.800361,,,,,
STE-382_2_1,9,F,2,1,after,high,{,0.102341621,239.0887268,904.0799218,1882.464194,,,,,
STE-382_2_1,9,F,2,1,checked,high,E,0.10059995,213.4586679,731.503371,1775.10386,,,,,
STE-382_2_1,9,F,2,1,somitazation,low,eI,0.176119996,198.5277449,397.5243996,2459.127617,,,,,
STE-382_2_1,9,F,2,1,natural,high,{,0.110973569,209.1492369,1007.03459,1819.657141,,,,,
STE-382_2_1,9,F,2,1,antedating,low,eI,0.219715934,203.2574838,460.9946702,1873.64381,,,,,
STE-382_2_1,9,F,2,1,prevented,high,E,0.097317103,194.780586,798.5441912,1902.30587,,,,,
STE-382_2_1,9,F,2,1,scathingly,low,eI,0.150047245,194.9568038,490.3880445,2248.396813,,,,,
STE-382_2_1,9,F,2,1,states,high,eI,0.131042227,190.2119603,402.4605087,2373.012677,,,,,
STE-382_2_1,9,F,2,1,traipsed,low,eI,0.134424023,204.615863,435.7879652,2415.063786,,,,,
STE-382_2_2,9,F,2,2,neighborhood,high,eI,0.129341453,216.3730374,490.3220222,2377.397537,,,,,
STE-382_2_2,9,F,2,2,rattling,low,{,0.111868205,209.8250158,935.83956,1640.124393,,,,,
STE-382_2_2,9,F,2,2,several,high,E,0.048347034,196.7157693,587.0410866,1956.315292,,,,,
STE-382_2_2,9,F,2,2,lasses,low,{,0.15897137,186.7936079,465.7339002,2371.280228,,,,,
STE-382_2_2,9,F,2,2,prefab,low,{,0.170170972,183.4669271,907.2470791,1918.144188,,,,,
STE-382_2_2,9,F,2,2,stategy,high,{,0.139289183,242.4369225,803.9817582,1678.469774,,,,,
STE-382_2_2,9,F,2,2,chamfer,low,{,0.118601154,220.9862586,789.2356826,1754.905796,,,,,
STE-382_2_2,9,F,2,2,enmeshing,low,E,0.160266329,191.1581967,963.1002447,1874.436158,,,,,
STE-382_2_2,9,F,2,2,after,high,{,0.072426383,229.9223936,886.1333697,1888.508225,,,,,
STE-382_2_2,9,F,2,2,checked,high,E,0.127435707,220.3243232,855.8486551,1895.181091,,,,,
STE-382_2_2,9,F,2,2,somitazation,low,eI,0.179132012,195.7906778,452.3836193,2561.665378,,,,,
STE-382_2_2,9,F,2,2,natural,high,{,0.148369904,180.0341556,1070.369687,1966.261015,,,,,
STE-382_2_2,9,F,2,2,antedating,low,eI,0.197176368,194.7459449,470.555005,2489.948466,,,,,
STE-382_2_2,9,F,2,2,prevented,high,E,0.087833651,198.5900608,749.4003153,2109.37448,,,,,
STE-382_2_2,9,F,2,2,scathingly,low,eI,0.158261159,192.6669233,485.9653245,2302.534408,,,,,
STE-382_2_2,9,F,2,2,states,high,eI,0.184644446,187.8928303,489.170253,2259.887511,,,,,
STE-382_2_2,9,F,2,2,traipsed,low,eI,0.10105963,198.4308102,426.9727076,2185.182652,,,,,
